-- phpMyAdmin SQL Dump
-- version 4.7.0
-- https://www.phpmyadmin.net/
--
-- Host: 127.0.0.1
-- Generation Time: Feb 20, 2019 at 06:26 PM
-- Server version: 10.1.25-MariaDB
-- PHP Version: 5.6.31

SET SQL_MODE = "NO_AUTO_VALUE_ON_ZERO";
SET AUTOCOMMIT = 0;
START TRANSACTION;
SET time_zone = "+00:00";


/*!40101 SET @OLD_CHARACTER_SET_CLIENT=@@CHARACTER_SET_CLIENT */;
/*!40101 SET @OLD_CHARACTER_SET_RESULTS=@@CHARACTER_SET_RESULTS */;
/*!40101 SET @OLD_COLLATION_CONNECTION=@@COLLATION_CONNECTION */;
/*!40101 SET NAMES utf8mb4 */;

--
-- Database: `parksystem`
--

-- --------------------------------------------------------

--
-- Table structure for table `slothistory`
--

CREATE TABLE `slothistory` (
  `ID` varchar(20) NOT NULL,
  `SlotNumber` smallint(6) NOT NULL,
  `slotType` tinyint(4) NOT NULL,
  `floor` tinyint(4) NOT NULL,
  `Model` varchar(20) NOT NULL,
  `PlateNumber` varchar(13) NOT NULL,
  `Entry TS` timestamp NOT NULL DEFAULT CURRENT_TIMESTAMP ON UPDATE CURRENT_TIMESTAMP
) ENGINE=InnoDB DEFAULT CHARSET=latin1;

--
-- Dumping data for table `slothistory`
--

INSERT INTO `slothistory` (`ID`, `SlotNumber`, `slotType`, `floor`, `Model`, `PlateNumber`, `Entry TS`) VALUES
('1550680403414', 51, 2, 1, 'Verna', 'MH 06 ED 7700', '2019-02-20 16:33:23'),
('1550680437761', 1, 1, 1, 'Pulsar 220', 'MH 07 RD 2323', '2019-02-20 16:33:57'),
('1550680469251', 101, 3, 2, 'minitruck', 'MH 11 RD 1110', '2019-02-20 16:34:29'),
('1550680709882', 102, 3, 2, 'innova', 'MH 12 RD 7777', '2019-02-20 16:38:30'),
('1550681347414', 52, 2, 1, 'city zx', 'MH 66 FD 6060', '2019-02-20 16:49:07'),
('1550681673606', 2, 1, 1, 'FZ 5', 'MH 07 TH 5893', '2019-02-20 16:54:33'),
('1550681897346', 53, 2, 1, 'swift', 'Mh 65 FG 3434', '2019-02-20 16:58:17'),
('1550683293969', 3, 1, 1, 'yamaha r15', 'MH 86 HG 6060', '2019-02-20 17:21:34');

-- --------------------------------------------------------

--
-- Table structure for table `slots`
--

CREATE TABLE `slots` (
  `SlotNumber` smallint(6) NOT NULL,
  `Floor` tinyint(4) NOT NULL,
  `SlotType` tinyint(10) NOT NULL,
  `Available` tinyint(4) NOT NULL,
  `Entry TS` timestamp NOT NULL DEFAULT CURRENT_TIMESTAMP ON UPDATE CURRENT_TIMESTAMP
) ENGINE=InnoDB DEFAULT CHARSET=latin1;

--
-- Dumping data for table `slots`
--

INSERT INTO `slots` (`SlotNumber`, `Floor`, `SlotType`, `Available`, `Entry TS`) VALUES
(1, 1, 1, 0, '2019-02-20 16:33:57'),
(2, 1, 1, 0, '2019-02-20 16:54:33'),
(3, 1, 1, 0, '2019-02-20 17:21:34'),
(4, 1, 1, 1, '2019-02-19 14:30:28'),
(5, 1, 1, 1, '2019-02-19 14:30:28'),
(6, 1, 1, 1, '2019-02-19 14:30:28'),
(7, 1, 1, 1, '2019-02-19 14:30:28'),
(8, 1, 1, 1, '2019-02-19 14:30:28'),
(9, 1, 1, 1, '2019-02-19 14:30:28'),
(10, 1, 1, 1, '2019-02-19 14:30:28'),
(11, 1, 1, 1, '2019-02-19 14:30:28'),
(12, 1, 1, 1, '2019-02-19 14:30:28'),
(13, 1, 1, 1, '2019-02-19 14:30:28'),
(14, 1, 1, 1, '2019-02-19 14:30:28'),
(15, 1, 1, 1, '2019-02-19 14:30:28'),
(16, 1, 1, 1, '2019-02-19 14:30:28'),
(17, 1, 1, 1, '2019-02-19 14:30:28'),
(18, 1, 1, 1, '2019-02-19 14:30:28'),
(19, 1, 1, 1, '2019-02-19 14:30:28'),
(20, 1, 1, 1, '2019-02-19 14:30:28'),
(21, 1, 1, 1, '2019-02-19 14:30:28'),
(22, 1, 1, 1, '2019-02-19 14:30:28'),
(23, 1, 1, 1, '2019-02-19 14:30:28'),
(24, 1, 1, 1, '2019-02-19 14:30:28'),
(25, 1, 1, 1, '2019-02-19 14:30:28'),
(26, 1, 1, 1, '2019-02-19 14:30:28'),
(27, 1, 1, 1, '2019-02-19 14:30:28'),
(28, 1, 1, 1, '2019-02-19 14:30:28'),
(29, 1, 1, 1, '2019-02-19 14:30:28'),
(30, 1, 1, 1, '2019-02-19 14:30:28'),
(31, 1, 1, 1, '2019-02-19 14:30:28'),
(32, 1, 1, 1, '2019-02-19 14:30:28'),
(33, 1, 1, 1, '2019-02-19 14:30:28'),
(34, 1, 1, 1, '2019-02-19 14:30:28'),
(35, 1, 1, 1, '2019-02-19 14:30:28'),
(36, 1, 1, 1, '2019-02-19 14:30:28'),
(37, 1, 1, 1, '2019-02-19 14:30:28'),
(38, 1, 1, 1, '2019-02-19 14:30:28'),
(39, 1, 1, 1, '2019-02-19 14:30:28'),
(40, 1, 1, 1, '2019-02-19 14:30:28'),
(41, 1, 1, 1, '2019-02-19 14:30:28'),
(42, 1, 1, 1, '2019-02-19 14:30:28'),
(43, 1, 1, 1, '2019-02-19 14:30:28'),
(44, 1, 1, 1, '2019-02-19 14:30:28'),
(45, 1, 1, 1, '2019-02-19 14:30:28'),
(46, 1, 1, 1, '2019-02-19 14:30:28'),
(47, 1, 1, 1, '2019-02-19 14:30:28'),
(48, 1, 1, 1, '2019-02-19 14:30:28'),
(49, 1, 1, 1, '2019-02-19 14:30:28'),
(50, 1, 1, 1, '2019-02-19 14:30:28'),
(51, 1, 2, 0, '2019-02-20 16:33:23'),
(52, 1, 2, 0, '2019-02-20 16:49:07'),
(53, 1, 2, 0, '2019-02-20 16:58:17'),
(54, 1, 2, 1, '2019-02-19 14:37:29'),
(55, 1, 2, 1, '2019-02-19 14:37:29'),
(56, 1, 2, 1, '2019-02-19 14:37:29'),
(57, 1, 2, 1, '2019-02-19 14:37:29'),
(58, 1, 2, 1, '2019-02-19 14:37:29'),
(59, 1, 2, 1, '2019-02-19 14:37:29'),
(60, 1, 2, 1, '2019-02-19 14:37:29'),
(61, 1, 2, 1, '2019-02-19 14:37:29'),
(62, 1, 2, 1, '2019-02-19 14:37:29'),
(63, 1, 2, 1, '2019-02-19 14:37:29'),
(64, 1, 2, 1, '2019-02-19 14:37:29'),
(65, 1, 2, 1, '2019-02-19 14:37:29'),
(66, 1, 2, 1, '2019-02-19 14:37:29'),
(67, 1, 2, 1, '2019-02-19 14:37:29'),
(68, 1, 2, 1, '2019-02-19 14:37:29'),
(69, 1, 2, 1, '2019-02-19 14:37:29'),
(70, 1, 2, 1, '2019-02-19 14:37:29'),
(71, 1, 2, 1, '2019-02-19 14:37:29'),
(72, 1, 2, 1, '2019-02-19 14:37:29'),
(73, 1, 2, 1, '2019-02-19 14:37:29'),
(74, 1, 2, 1, '2019-02-19 14:37:29'),
(75, 1, 2, 1, '2019-02-19 14:37:29'),
(76, 1, 2, 1, '2019-02-19 14:37:29'),
(77, 1, 2, 1, '2019-02-19 14:37:29'),
(78, 1, 2, 1, '2019-02-19 14:37:29'),
(79, 1, 2, 1, '2019-02-19 14:37:29'),
(80, 1, 2, 1, '2019-02-19 14:37:29'),
(81, 1, 2, 1, '2019-02-19 14:37:29'),
(82, 1, 2, 1, '2019-02-19 14:37:29'),
(83, 1, 2, 1, '2019-02-19 14:37:29'),
(84, 1, 2, 1, '2019-02-19 14:37:29'),
(85, 1, 2, 1, '2019-02-19 14:37:29'),
(86, 1, 2, 1, '2019-02-19 14:37:29'),
(87, 1, 2, 1, '2019-02-19 14:37:29'),
(88, 1, 2, 1, '2019-02-19 14:37:29'),
(89, 1, 2, 1, '2019-02-19 14:37:29'),
(90, 1, 2, 1, '2019-02-19 14:37:29'),
(91, 1, 2, 1, '2019-02-19 14:37:29'),
(92, 1, 2, 1, '2019-02-19 14:37:29'),
(93, 1, 2, 1, '2019-02-19 14:37:29'),
(94, 1, 2, 1, '2019-02-19 14:37:29'),
(95, 1, 2, 1, '2019-02-19 14:37:29'),
(96, 1, 2, 1, '2019-02-19 14:37:29'),
(97, 1, 2, 1, '2019-02-19 14:37:29'),
(98, 1, 2, 1, '2019-02-19 14:37:29'),
(99, 1, 2, 1, '2019-02-19 14:37:29'),
(100, 1, 2, 1, '2019-02-19 14:37:29'),
(101, 2, 3, 1, '2019-02-20 16:37:11'),
(102, 2, 3, 0, '2019-02-20 16:38:29'),
(103, 2, 3, 1, '2019-02-19 14:43:15'),
(104, 2, 3, 1, '2019-02-19 14:43:15'),
(105, 2, 3, 1, '2019-02-19 14:43:15'),
(106, 2, 3, 1, '2019-02-19 14:43:15'),
(107, 2, 3, 1, '2019-02-19 14:43:15'),
(108, 2, 3, 1, '2019-02-19 14:43:15'),
(109, 2, 3, 1, '2019-02-19 14:43:15'),
(110, 2, 3, 1, '2019-02-19 14:43:15'),
(111, 2, 3, 1, '2019-02-19 14:43:15'),
(112, 2, 3, 1, '2019-02-19 14:43:15'),
(113, 2, 3, 1, '2019-02-19 14:43:15'),
(114, 2, 3, 1, '2019-02-19 14:43:15'),
(115, 2, 3, 1, '2019-02-19 14:43:15'),
(116, 2, 3, 1, '2019-02-19 14:43:15'),
(117, 2, 3, 1, '2019-02-19 14:43:15'),
(118, 2, 3, 1, '2019-02-19 14:43:15'),
(119, 2, 3, 1, '2019-02-19 14:43:15'),
(120, 2, 3, 1, '2019-02-19 14:43:15'),
(121, 2, 3, 1, '2019-02-19 14:43:15'),
(122, 2, 3, 1, '2019-02-19 14:43:15'),
(123, 2, 3, 1, '2019-02-19 14:43:15'),
(124, 2, 3, 1, '2019-02-19 14:43:15'),
(125, 2, 3, 1, '2019-02-19 14:43:15'),
(126, 2, 3, 1, '2019-02-19 14:43:15'),
(127, 2, 3, 1, '2019-02-19 14:43:15'),
(128, 2, 3, 1, '2019-02-19 14:43:15'),
(129, 2, 3, 1, '2019-02-19 14:43:15'),
(130, 2, 3, 1, '2019-02-19 14:43:15'),
(131, 2, 3, 1, '2019-02-19 14:43:15'),
(132, 2, 3, 1, '2019-02-19 14:43:15'),
(133, 2, 3, 1, '2019-02-19 14:43:15'),
(134, 2, 3, 1, '2019-02-19 14:43:15'),
(135, 2, 3, 1, '2019-02-19 14:43:15'),
(136, 2, 3, 1, '2019-02-19 14:43:15'),
(137, 2, 3, 1, '2019-02-19 14:43:15'),
(138, 2, 3, 1, '2019-02-19 14:43:15'),
(139, 2, 3, 1, '2019-02-19 14:43:15'),
(140, 2, 3, 1, '2019-02-19 14:43:15'),
(141, 2, 3, 1, '2019-02-19 14:43:15'),
(142, 2, 3, 1, '2019-02-19 14:43:15'),
(143, 2, 3, 1, '2019-02-19 14:43:15'),
(144, 2, 3, 1, '2019-02-19 14:43:15'),
(145, 2, 3, 1, '2019-02-19 14:43:15'),
(146, 2, 3, 1, '2019-02-19 14:43:15'),
(147, 2, 3, 1, '2019-02-19 14:43:15'),
(148, 2, 3, 1, '2019-02-19 14:43:15'),
(149, 2, 3, 1, '2019-02-19 14:43:15'),
(150, 2, 3, 1, '2019-02-19 14:43:15'),
(151, 3, 2, 1, '2019-02-19 14:47:52'),
(152, 3, 2, 1, '2019-02-19 14:47:52'),
(153, 3, 2, 1, '2019-02-19 14:47:52'),
(154, 3, 2, 1, '2019-02-19 14:47:52'),
(155, 3, 2, 1, '2019-02-19 14:47:52'),
(156, 3, 2, 1, '2019-02-19 14:47:52'),
(157, 3, 2, 1, '2019-02-19 14:47:52'),
(158, 3, 2, 1, '2019-02-19 14:47:52'),
(159, 3, 2, 1, '2019-02-19 14:47:52'),
(160, 3, 2, 1, '2019-02-19 14:47:52'),
(161, 3, 2, 1, '2019-02-19 14:47:52'),
(162, 3, 2, 1, '2019-02-19 14:47:52'),
(163, 3, 2, 1, '2019-02-19 14:47:52'),
(164, 3, 2, 1, '2019-02-19 14:47:52'),
(165, 3, 2, 1, '2019-02-19 14:47:52'),
(166, 3, 2, 1, '2019-02-19 14:47:52'),
(167, 3, 2, 1, '2019-02-19 14:47:52'),
(168, 3, 2, 1, '2019-02-19 14:47:52'),
(169, 3, 2, 1, '2019-02-19 14:47:52'),
(170, 3, 2, 1, '2019-02-19 14:47:52'),
(171, 3, 2, 1, '2019-02-19 14:47:52'),
(172, 3, 2, 1, '2019-02-19 14:47:52'),
(173, 3, 2, 1, '2019-02-19 14:47:52'),
(174, 3, 2, 1, '2019-02-19 14:47:52'),
(175, 3, 2, 1, '2019-02-19 14:47:52'),
(176, 3, 2, 1, '2019-02-19 14:47:52'),
(177, 3, 2, 1, '2019-02-19 14:47:52'),
(178, 3, 2, 1, '2019-02-19 14:47:52'),
(179, 3, 2, 1, '2019-02-19 14:47:52'),
(180, 3, 2, 1, '2019-02-19 14:47:52'),
(181, 3, 2, 1, '2019-02-19 14:47:52'),
(182, 3, 2, 1, '2019-02-19 14:47:52'),
(183, 3, 2, 1, '2019-02-19 14:47:52'),
(184, 3, 2, 1, '2019-02-19 14:47:52'),
(185, 3, 2, 1, '2019-02-19 14:47:52'),
(186, 3, 2, 1, '2019-02-19 14:47:52'),
(187, 3, 2, 1, '2019-02-19 14:47:52'),
(188, 3, 2, 1, '2019-02-19 14:47:52'),
(189, 3, 2, 1, '2019-02-19 14:47:52'),
(190, 3, 2, 1, '2019-02-19 14:47:52'),
(191, 3, 2, 1, '2019-02-19 14:47:52'),
(192, 3, 2, 1, '2019-02-19 14:47:52'),
(193, 3, 2, 1, '2019-02-19 14:47:52'),
(194, 3, 2, 1, '2019-02-19 14:47:52'),
(195, 3, 2, 1, '2019-02-19 14:47:52'),
(196, 3, 2, 1, '2019-02-19 14:47:52'),
(197, 3, 2, 1, '2019-02-19 14:47:52'),
(198, 3, 2, 1, '2019-02-19 14:47:52'),
(199, 3, 2, 1, '2019-02-19 14:47:52'),
(200, 3, 2, 1, '2019-02-19 14:47:52');

-- --------------------------------------------------------

--
-- Table structure for table `tickethistory`
--

CREATE TABLE `tickethistory` (
  `TicketID` varchar(20) NOT NULL,
  `EntryDate` date NOT NULL,
  `EntryTime` time NOT NULL,
  `ExpiryDate` date NOT NULL,
  `ExpiryTime` time NOT NULL,
  `Cost` float NOT NULL,
  `EntryTS` timestamp NOT NULL DEFAULT CURRENT_TIMESTAMP ON UPDATE CURRENT_TIMESTAMP
) ENGINE=InnoDB DEFAULT CHARSET=latin1;

--
-- Dumping data for table `tickethistory`
--

INSERT INTO `tickethistory` (`TicketID`, `EntryDate`, `EntryTime`, `ExpiryDate`, `ExpiryTime`, `Cost`, `EntryTS`) VALUES
('1550680403414', '2019-02-20', '22:03:23', '2019-02-21', '07:03:23', 37.5, '2019-02-20 16:33:23'),
('1550680437761', '2019-02-20', '22:03:57', '2019-02-21', '10:03:57', 25, '2019-02-20 16:33:58'),
('1550680469251', '2019-02-20', '22:04:29', '2019-02-21', '02:04:29', 25, '2019-02-20 16:34:29'),
('1550680469251', '2019-02-20', '22:04:29', '2019-02-20', '22:07:11', 0, '2019-02-20 16:37:11'),
('1550680709882', '2019-02-20', '22:08:29', '2019-02-21', '03:08:29', 31.25, '2019-02-20 16:38:30'),
('1550681347414', '2019-02-20', '22:19:07', '2019-02-21', '01:19:07', 12.5, '2019-02-20 16:49:07'),
('1550681673606', '2019-02-20', '22:24:33', '2019-02-21', '11:24:33', 27.0833, '2019-02-20 16:54:34'),
('1550681897346', '2019-02-20', '22:28:17', '2019-02-21', '06:28:17', 33.3333, '2019-02-20 16:58:17'),
('1550683293969', '2019-02-20', '22:51:34', '2019-02-21', '01:51:34', 0, '2019-02-20 17:21:34');

-- --------------------------------------------------------

--
-- Table structure for table `tickets`
--

CREATE TABLE `tickets` (
  `TicketID` varchar(20) NOT NULL,
  `EntryDate` date NOT NULL,
  `EntryTime` time NOT NULL,
  `ExpiryDate` date NOT NULL,
  `ExpiryTime` time NOT NULL,
  `Cost` double NOT NULL,
  `EntryTS` timestamp NOT NULL DEFAULT CURRENT_TIMESTAMP ON UPDATE CURRENT_TIMESTAMP
) ENGINE=InnoDB DEFAULT CHARSET=latin1;

--
-- Dumping data for table `tickets`
--

INSERT INTO `tickets` (`TicketID`, `EntryDate`, `EntryTime`, `ExpiryDate`, `ExpiryTime`, `Cost`, `EntryTS`) VALUES
('1550680403414', '2019-02-20', '22:03:23', '2019-02-21', '07:03:23', 37.5, '2019-02-20 16:33:23'),
('1550680437761', '2019-02-20', '22:03:57', '2019-02-21', '10:03:57', 25, '2019-02-20 16:33:57'),
('1550680709882', '2019-02-20', '22:08:29', '2019-02-21', '03:08:29', 31.25, '2019-02-20 16:38:29'),
('1550681347414', '2019-02-20', '22:19:07', '2019-02-21', '01:19:07', 12.5, '2019-02-20 16:49:07'),
('1550681673606', '2019-02-20', '22:24:33', '2019-02-21', '11:24:33', 27.083333333333332, '2019-02-20 16:54:33'),
('1550681897346', '2019-02-20', '22:28:17', '2019-02-21', '06:28:17', 33.333333333333336, '2019-02-20 16:58:17'),
('1550683293969', '2019-02-20', '22:51:34', '2019-02-21', '01:51:34', 0, '2019-02-20 17:21:34');

--
-- Indexes for dumped tables
--

--
-- Indexes for table `slothistory`
--
ALTER TABLE `slothistory`
  ADD PRIMARY KEY (`ID`);

--
-- Indexes for table `slots`
--
ALTER TABLE `slots`
  ADD PRIMARY KEY (`SlotNumber`),
  ADD UNIQUE KEY `SlotNumber` (`SlotNumber`);

--
-- Indexes for table `tickets`
--
ALTER TABLE `tickets`
  ADD PRIMARY KEY (`TicketID`);
COMMIT;

/*!40101 SET CHARACTER_SET_CLIENT=@OLD_CHARACTER_SET_CLIENT */;
/*!40101 SET CHARACTER_SET_RESULTS=@OLD_CHARACTER_SET_RESULTS */;
/*!40101 SET COLLATION_CONNECTION=@OLD_COLLATION_CONNECTION */;
